﻿{
    "news": [


        {
                "id": 1,
                "name_pl": "BUSIK MILONGOWY",
		"name": "MILONGA VAN",
		"description":"Daily from 7.30 p.m. till midnight, near Polonez hotel, a van will be waiting for you (with a Wawel Tango sign behind the windscreen). The van will run every half an hour approximately, taking all those who want to get to the main milonga.",      
		"description_pl":"Codziennie od 19.30 do 24:00, pod hotelem Polonez będzie czekał na Was bus (napis Wawel Tango za przednią szybą). Busik będzie kursował mniej więcej co 30 min. i będzie dowoził wszystkich chętnych na milongę główną."
                
        },
	{
                "id": 2,
                "name_pl": "Flashmob, sobota, 18 maja, godz. 15:00,  Plac Nowy (Żydowski)",
		"name": "Flashmob, Saturday, 18 May, 3 p.m., Nowy (Żydowski) Square",
		"description":"We jump out of nooks and hallways and, in the middle of the Square, in front of speechless audience... we dance tango! Then we disappear quickly as ghosts, leaving only a doubt behind us: was that reality or just a dream?  
Meeting: Plac Nowy (Nowy Square), small well opposite Meiselsa street.",      
		"description_pl":"Wyskakujemy z zakamarków i bram i na środku, koło okrąglaka na oczach oniemiałej publiczności tańczymy tango! Potem znikamy jak duchy szybko, pozostawiając wątpliwości: jawa to czy sen? 
Zbiórka: Plac Nowy, studzienka, naprzeciwko ulicy Meiselsa. "         
                
        },
	{
                "id": 3,
                "name_pl": "Witamy Cię serdecznie na WAWEL-u",
		"name": "Welcome to Wawel!",
		"description":"We're very happy that you came to our Festival and to our beautiful city. We'll do our best to make your memories as good as possible, and the Wawel team will assist you so that you have a nice stay here. ",      
		"description_pl":"Bardzo się cieszymy, że przyjechałeś na nasz festiwal i do naszego pięknego miasta. Postaramy się, abyś wywiózł jak najlepsze wspomnienia, a Wawel team będzie starał się pomagać i uprzyjemniać ci pobyt."         
                
        }
    ]
}