﻿{
    "news": [
        {
                "id": 1,
                "name_pl": "BUSIK MILONGOWY",
		"name": "BUSIK MILONGOWY",
		"description":"Codziennie od 19.30 do 24:00, pod hotelem Polonez będzie czekał na Was bus (napis Wawel Tango za przednią szybą). Busik będzie kursował mniej więcej co 30 min. i będzie dowoził wszystkich chętnych na milongę główną.",      
		"description_pl":"Codziennie od 19.30 do 24:00, pod hotelem Polonez będzie czekał na Was bus (napis Wawel Tango za przednią szybą). Busik będzie kursował mniej więcej co 30 min. i będzie dowoził wszystkich chętnych na milongę główną."
                
        },
	{
                "id": 2,
                "name_pl": "Flashmob, sobota, 18 maja, godz. 15:00,  Plac Nowy (Żydowski)",
		"name": "Flashmob, sobota, 18 maja, godz. 15:00,  Plac Nowy (Żydowski)",
		"description":"Wyskakujemy z zakamarków i bram i na środku, koło okrąglaka na oczach oniemiałej publiczności tańczymy tango! Potem znikamy jak duchy szybko, pozostawiając wątpliwości: jawa to czy sen? 
Zbiórka: Plac Nowy, studzienka, naprzeciwko ulicy Meiselsa. ",      
		"description_pl":"Wyskakujemy z zakamarków i bram i na środku, koło okrąglaka na oczach oniemiałej publiczności tańczymy tango! Potem znikamy jak duchy szybko, pozostawiając wątpliwości: jawa to czy sen? 
Zbiórka: Plac Nowy, studzienka, naprzeciwko ulicy Meiselsa. "         
                
        },
	{
                "id": 3,
                "name_pl": "Drugi Festiwal w Krakowie",
		"name": "Second Festival in Cracow",
		"description":"Welcome in magic Cracow",      
		"description_pl":"Witamy w magicznym Krakowie"         
                
        }
    ]
}