﻿{
"events":[
{
	"id":1,
	"id_day":1,
	"id_day_real":1,
	"id_place":11,
	"from_h":2,
	"to_h":3,
	"id_name":10,
	"id_entrance":5,
	"description":12,
	"id_artist":0
	 
},
{
	"id":2,
	"id_day":2,
	"id_day_real":2,
	"id_place":2,
	"from_h":1,
	"to_h":4,
	"id_name":9,	
	"description":13,
	"id_entrance":0,	
	"id_artist":0
	 
},

{
	"id":3,
	"id_day":2,
	"id_day_real":2,
	"id_place":2,
	"from_h":1,
	"to_h":4,
	"id_name":2,
	"id_entrance":5,
	"description":0,		
	"id_artist":0
	 
},
{
	"id":4,
	"id_day":2,
	"id_day_real":2,
	"id_place":3,
	"from_h":5,
	"to_h":6,
	"id_name":8,	
	"description":14,
	"id_entrance":0,	
	"id_artist":0
	 
},

{
	"id":5,
	"id_day":2,
	"id_day_real":3,
	"id_place":10,
	"from_h":6,
	"to_h":7,	
	"id_name":1,
	"id_entrance":5,
	"description":0,	
	"id_artist":0
	 
},

{
	"id":6,
	"id_day":3,
	"id_day_real":3,
	"id_place":8,
	"from_h":1,
	"to_h":8,
	"id_name":3,
	"description":15,
	"id_artist":1,
	"id_entrance":0	
	
	 
},

{
	"id":7,
	"id_day":3,
	"id_day_real":3,
	"id_place":9,
	"from_h":1,
	"to_h":8,
	"id_name":3,
	"description":16,
	"id_artist":2,
	"id_entrance":0	
	 
},
{
	"id":8,
	"id_day":3,
	"id_day_real":3,
	"id_place":2,
	"from_h":1,
	"to_h":8,
	"id_name":3,
	"description":17,
	"id_artist":3,
	"id_entrance":0	
	 
},
{
	"id":9,
	"id_day":3,
	"id_day_real":3,
	"id_place":8,
	"from_h":9,
	"to_h":10,
	"id_name":3,
	"description":18,
	"id_artist":4,
	"id_entrance":0	
	 
},

{
	"id":10,
	"id_day":3,
	"id_day_real":3,
	"id_place":8,
	"from_h":11,
	"to_h":12,
	"id_name":3,
	"description":19,
	"id_artist":1,
	"id_entrance":0	
	 
}
,
{
	"id":11,
	"id_day":3,
	"id_day_real":3,
	"id_place":9,
	"from_h":11,
	"to_h":12,
	"id_name":3,
	"description":20,
	"id_artist":2,
	"id_entrance":0	
	 
},
{
	"id":12,
	"id_day":3,
	"id_day_real":3,
	"id_place":2,
	"from_h":11,
	"to_h":12,
	"id_name":3,
	"description":21,
	"id_artist":3,
	"id_entrance":0	
	 
},
{
	"id":13,
	"id_day":3,
	"id_day_real":3,
	"id_place":8,
	"from_h":13,
	"to_h":14,
	"id_name":3,
	"description":22,
	"id_artist":4,
	"id_entrance":0	
	 
},
{
	"id":14,
	"id_day":3,
	"id_day_real":3,
	"id_place":4,
	"from_h":17,
	"to_h":5,
	"id_name":2,
	"id_entrance":5,
	"description":11,
	"id_artist":0
	 
},
{
	"id":15,
	"id_day":3,
	"id_day_real":3,
	"id_place":5,
	"from_h":15,
	"to_h":16,
	"id_name":3,
	"description":23,
	"id_artist":5,
	"id_entrance":0	
	 
},

{
	"id":16,
	"id_day":3,
	"id_day_real":3,
	"id_place":5,
	"from_h":5,
	"to_h":6,
	"id_name":7,	
	"description":24,
	"id_entrance":0,
	"id_artist":0
	
	 
},
{
	"id":17,
	"id_day":3,
	"id_day_real":4,
	"id_place":10,
	"from_h":18,
	"to_h":7,
	"id_name":1,
	"id_entrance":5,
	"description":0,
	"id_artist":0
	 
},
{
	"id":18,
	"id_day":4,
	"id_day_real":4,
	"id_place":8,
	"from_h":1,
	"to_h":8,
	"id_name":3,	
	"description":25,
	"id_artist":1,
	"id_entrance":0
	 
},
{
	"id":19,
	"id_day":4,
	"id_day_real":4,
	"id_place":9,
	"from_h":1,
	"to_h":8,
	"id_name":3,	
	"description":26,
	"id_artist":2,
	"id_entrance":0
	 
},
{
	"id":20,
	"id_day":4,
	"id_day_real":4,
	"id_place":2,
	"from_h":1,
	"to_h":8,
	"id_name":3,	
	"description":27,
	"id_artist":3,
	"id_entrance":0
	 
}
,
{
	"id":21,
	"id_day":4,
	"id_day_real":4,
	"id_place":8,
	"from_h":9,
	"to_h":10,
	"id_name":3,	
	"description":28,
	"id_artist":4,
	"id_entrance":0
	 
},
{
	"id":22,
	"id_day":4,
	"id_day_real":4,
	"id_place":8,
	"from_h":11,
	"to_h":12,
	"id_name":3,	
	"description":29,
	"id_artist":1,
	"id_entrance":0
	 
},
{
	"id":23,
	"id_day":4,
	"id_day_real":4,
	"id_place":9,
	"from_h":11,
	"to_h":12,
	"id_name":3,	
	"description":30,
	"id_artist":2,
	"id_entrance":0
	 
},
{
	"id":24,
	"id_day":4,
	"id_day_real":4,
	"id_place":2,
	"from_h":11,
	"to_h":12,
	"id_name":3,	
	"description":31,
	"id_artist":3,
	"id_entrance":0
	 
},
{
	"id":25,
	"id_day":4,
	"id_day_real":4,
	"id_place":2,
	"from_h":11,
	"to_h":12,
	"id_name":3,	
	"description":43,
	"id_artist":7,
	"id_entrance":0
	 
},
{
	"id":26,
	"id_day":4,
	"id_day_real":4,
	"id_place":7,
	"from_h":17,
	"to_h":5,
	"id_name":2,
	"id_entrance":5,
	"description":0,
	"id_artist":0	
	 
},
{
	"id":27,
	"id_day":4,
	"id_day_real":4,
	"id_place":8,
	"from_h":15,
	"to_h":16,
	"id_name":3,	
	"description":32,
	"id_artist":4,
	"id_entrance":0
	 
},


{
	"id":28,
	"id_day":4,
	"id_day_real":4,
	"id_place":6,
	"from_h":5,
	"to_h":18,
	"id_name":6,	
	"description":33,
	"id_entrance":0	,
	"id_artist":0
	 
},
{
	"id":29,
	"id_day":4,
	"id_day_real":5,
	"id_place":10,
	"from_h":6,
	"to_h":7,	
	"id_name":1,
	"id_entrance":5,
	"description":0,
	"id_artist":0	
	 
},
{
	"id":30,
	"id_day":5,
	"id_day_real":5,
	"id_place":8,
	"from_h":1,
	"to_h":8,
	"id_name":3,
	"description":34,
	"id_artist":1	,
	"id_entrance":0
	 
},
{
	"id":31,
	"id_day":5,
	"id_day_real":5,
	"id_place":9,
	"from_h":1,
	"to_h":8,
	"id_name":3,
	"description":35,
	"id_artist":2	,
	"id_entrance":0
	 
},
{
	"id":32,
	"id_day":5,
	"id_day_real":5,
	"id_place":2,
	"from_h":1,
	"to_h":8,
	"id_name":3,
	"description":36,
	"id_artist":3	,
	"id_entrance":0
	 
},
{
	"id":33,
	"id_day":5,
	"id_day_real":5,
	"id_place":8,
	"from_h":9,
	"to_h":10,
	"id_name":3,
	"description":37,
	"id_artist":4	,
	"id_entrance":0
	 
},
{
	"id":34,
	"id_day":5,
	"id_day_real":5,
	"id_place":8,
	"from_h":11,
	"to_h":12,
	"id_name":3,
	"description":38,
	"id_artist":1	,
	"id_entrance":0
	 
},
{
	"id":35,
	"id_day":5,
	"id_day_real":5,
	"id_place":9,
	"from_h":11,
	"to_h":12,
	"id_name":3,
	"description":39,
	"id_artist":2	,
	"id_entrance":0
	 
},
{
	"id":36,
	"id_day":5,
	"id_day_real":5,
	"id_place":2,
	"from_h":11,
	"to_h":12,
	"id_name":3,	
	"description":40,
	"id_artist":3	,
	"id_entrance":0
	 
},
{
	"id":37,
	"id_day":5,
	"id_day_real":5,
	"id_place":2,
	"from_h":11,
	"to_h":12,
	"id_name":3,	
	"description":44,
	"id_artist":7	,
	"id_entrance":0
	 
},

{
	"id":38,
	"id_day":5,
	"id_day_real":5,
	"id_place":7,
	"from_h":17,
	"to_h":5,
	"id_name":2,
	"id_entrance":5,
	"description":0,
	"id_artist":0
	
	 
},
{
	"id":39,
	"id_day":5,
	"id_day_real":5,
	"id_place":8,
	"from_h":13,
	"to_h":19,
	"id_name":3,	
	"description":41,
	"id_artist":4	,
	"id_entrance":0
	 
},

{
	"id":40,
	"id_day":5,
	"id_day_real":5,
	"id_place":8,
	"from_h":5,
	"to_h":6,
	"id_name":4,	
	"description":42,
	"id_entrance":0,
	"id_artist":0
	
	 
},
{
	"id":41,
	"id_day":5,
	"id_day_real":6,
	"id_place":10,
	"from_h":6,
	"to_h":7,	
	"id_name":1,
	"id_entrance":5,
	"description":0,
	"id_artist":0
		
	 
}

],

"artist":[
{
	"id":0,
	"name":"",
	"description":""
},
{
	"id":1,
	"name":"Fabian Peralta & Josefina Bermudez",
	"description":""
},
{
	"id":2,
	"name":"Diego “EL PAJARO” Riemer & Cecilia Piccinni",
	"description":""
},
{
	"id":3,
	"name":"Max Van de Voorde & Solange Acosta",
	"description":""
},
{
	"id":4,
	"name":"Pablo Veron",
	"description":""
},
{
	"id":5,
	"name":"OTROS AIRES",
	"description":""
},
{
	"id":6,
	"name":"Ensemble Hyperion",
	"description":""
},
{
	"id":7,
	"name":"Giorgio Regnoli & Vivien Zentay ",
	"description":""
}



],
"day": [
        {
                "id": 1,
                "name": "Wednesday",
		"name_pl": "Środa",
		"date":"2013-05-15",
		"date_tab":"15 V"      
                
        },
	{
                "id": 2,
                "name": "Thursday",
		"name_pl": "Czwartek",
		"date":"2013-05-16"  
,
		"date_tab":"16 V"              
                
        },
	{
                "id": 3,
                "name": "Friday" ,
		"name_pl": "Piątek" ,
		"date":"2013-05-17"    
,
		"date_tab":"17 V"             
                
        },
	{
                "id": 4,
                "name": "Saturday" ,
		"name_pl": "Sobota" ,
		"date":"2013-05-18"   
,
		"date_tab":"18 V"              
                
        },
	{
                "id": 5,
                "name": "Sunday"  ,
		"name_pl": "Niedziela" ,
		"date":"2013-05-19"    
,
		"date_tab":"19 V"            
                
        },
{
                "id": 6,
                "name": "Monday"  ,
		"name_pl": "Poniedziałek" ,
		"date":"2013-05-20"  
,
		"date_tab":"20 V"              
                
        }
    ],

"hours":
[
	{
		"id":1,
		"hour":"12:00",
		"hour_pl":"12:00"
	},
	{
		"id":2,
		"hour":"21:00",
		"hour_pl":"21:00"
	},
{
		"id":3,
		"hour":"01:00",
		"hour_pl":"01:00"
	},
{
		"id":4,
		"hour":"17:00",
		"hour_pl":"17:00"
	},
{
		"id":5,
		"hour":"20:00",
		"hour_pl":"20:00"
	},
{
		"id":6,
		"hour":"03:30",
		"hour_pl":"03:30"
	},
{
		"id":7,
		"hour":"07:00",
		"hour_pl":"07:00"
	},
{
		"id":8,
		"hour":"13:30",
		"hour_pl":"13:30"
	},
{
		"id":9,
		"hour":"14:00",
		"hour_pl":"14:00"
	},
{
		"id":10,
		"hour":"15:30",
		"hour_pl":"15:30"
	},
{
		"id":11,
		"hour":"14:30",
		"hour_pl":"14:30"
	},
{
		"id":12,
		"hour":"16:00",
		"hour_pl":"16:00"
	},
{
		"id":13,
		"hour":"16:15",
		"hour_pl":"16:15"
	},
{
		"id":14,
		"hour":"18:45",
		"hour_pl":"18:45"
	},
{
		"id":15,
		"hour":"16:30",
		"hour_pl":"16:30"
	},
{
		"id":16,
		"hour":"18:00",
		"hour_pl":"18:00"
	},
{
		"id":17,
		"hour":"15:00",
		"hour_pl":"15:00"
	},
{
		"id":18,
		"hour":"04:00",
		"hour_pl":"04:00"
	},
{
		"id":19,
		"hour":"17:45",
		"hour_pl":"17:45"
	}


],
"name":
[
{
	"id":0,
	"name":"",
	"name_pl":""
},
{
	"id":1,
	"name":"Afterparty",
	"name_pl":"Afterparty"
},
{
	"id":2,
	"name":"Afternoon Milonga",
	"name_pl":"Afternoon Milonga"
},
{
	"id":3,
	"name":"Workshops",
	"name_pl":"Warsztat"
},
{
	"id":4,
	"name":"Closing Milonga",
	"name_pl":"Milonga Pożegnalna"
},
{
	"id":5,
	"name":" – free entrance",
	"name_pl":" - wstęp wolny"
},
{
	"id":6,
	"name":"Milonga Elegante",
	"name_pl":"Milonga Skarbów"
},
{
	"id":7,
	"name":"Milonga",
	"name_pl":"Milonga Czarnoksięska"
},
{
	"id":8,
	"name":"Opening Milonga",
	"name_pl":"Milonga Otwierająca"
},
{
	"id":9,
	"name":"Registration",
	"name_pl":"Rejestracja"
},
{
	"id":10,
	"name":"Prefestival Milonga",
	"name_pl":"Milonga Przedfestiwalowa"
},
 {
	"id":11,
	"name":"No high hills, casual style.",
	"name_pl":"Nie można tańczyć w szpilkach."
},
{
	"id":12,
	"name":"",
	"name_pl":"Świętujemy urodziny Marzenki, gospodyni historycznej milongi w Stajni"
},
{
	"id":13,
	"name":"Only here you can pay for full pass milonga. At the milonga you can pay ONLY for that milonga.",
	"name_pl":"Tylko tu można płacić za full pass. Na poszczególnych milongach można płacić wyłącznie za pojedynczą milongę."
},
 {
	"id":14,
	"name":"Show powitalny maestros",
	"name_pl":"Show all maestros who dance on Friday and Saturday."
},
 {
	"id":15,
	"name":"Fundamental Tango Elements (all levels)",
	"name_pl":"Fundamental Tango Elements (all levels)"
},
 {
	"id":16,
	"name":"Vals --Musicality and combinations of turns (intermidiate)",
	"name_pl":"Vals - Musicality and combinations of turns (intermidiate)"
},
 {
	"id":17,
	"name":"Giros y sacadas – all levels",
	"name_pl":"Giros y sacadas – all levels"
},
 {
	"id":18,
	"name":"Ganchos for men and women 1 (intermediate level)",
	"name_pl":"Ganchos for men and women 1 (intermediate level)"
},
 {
	"id":19,
	"name":"Contact in embrace",
	"name_pl":"Contact in embrace"
},
 {
	"id":20,
	"name":"Tango - Atipic sacadas -fourth position- MasterClass",
	"name_pl":"Tango - Atipic sacadas -fourth position- MasterClass"
},
{
	"id":21,
	"name":"Milonga-all levels",
	"name_pl":"Milonga-all levels"
},
{
	"id":22,
	"name":"Sacadas for men and women 1 (intermediate level)",
	"name_pl":"Sacadas for men and women 1 (intermediate level)"
},
{
	"id":23,
	"name":"Tango rhythms - Practice and Theory - How recognize rhythms, How to dance to different rhytms. Marcatto Pesante Sincopa Yumba 332.",
	"name_pl":"Tango rhythms - Practice and Theory - How recognize rhythms, How to dance to different rhytms. Marcatto Pesante Sincopa Yumba 332."
},
{
	"id":24,
	"name":"Orchestra - Otros Aires (concert starts 9 pm). Show: Diego EL PAJARO Riemer&Cecilia Piccinni.",
	"name_pl":"Pod wezwaniem legendy o krakowskim czarnoksiężniku Mistrzu Twardowskim. Pokaz: Diego El Pajaro Riemer & Cecilia Piccinni, koncert: Otros Aires (start 21.00)"
},
{
	"id":25,
	"name":"Giros 1 (all levels)",
	"name_pl":"Giros 1 (all levels)"
},
{
	"id":26,
	"name":"Milonga - different kinds of corridas",
	"name_pl":"Milonga - different kinds of corridas"
},
{
	"id":27,
	"name":"Diferentes tipos de abrazos-all levels",
	"name_pl":"Diferentes tipos de abrazos-all levels"
},
{
	"id":28,
	"name":"Castigos (kicks) and  rebotes (all levels)",
	"name_pl":"Castigos (kicks) and  rebotes (all levels)"
},
{
	"id":29,
	"name":"Musicality (Intermediate / Advance)",
	"name_pl":"Musicality (Intermediate / Advance)"
},
{
	"id":30,
	"name":"Tango : changing the embrace to dance in front and behind the woman. (advanced)",
	"name_pl":"Tango : changing the embrace to dance in front and behind the woman. (advanced)"
},
{
	"id":31,
	"name":"Tecnica masculina y femenina – all levels – solo",
	"name_pl":"Tecnica masculina y femenina – all levels – solo"
},
{
	"id":32,
	"name":"Enrosques and Planeos (advanced)",
	"name_pl":"Enrosques and Planeos (advanced)"
},
{
	"id":33,
	"name_pl":"Złoto – Srebrna (dress code złoto i srebro) pod wezwaniem legendy o zaginionych skarbach Krzysztoforów. Koncert: Ensemble Hyperion (start 21.00), pokaz: Max van de Voorde & Solange Acosta, Fabian Peralta & Josefina Bermudez",
	"name":"Gold and Silver dress code. Orchestra: Ensemble Hyperion (concert starts at 9 pm.). Show: Max van de Voorde & Solange Acosta, Fabian Peralta & Josefina Bermudez"
},
{
	"id":34,
	"name":"Giros 2 (Intermediate / Advance) (It is advisable to have taken the Giros 1 course previously)",
	"name_pl":"Giros 2 (Intermediate / Advance) (It is advisable to have taken the Giros 1 course previously)"
},
{
	"id":35,
	"name":"Tango - advanced laboratory for reversed dance - back’s woman towards the man -  advanced",
	"name_pl":"Tango - advanced laboratory for reversed dance - back’s woman towards the man -  advanced"
},
{
	"id":36,
	"name":"Secuencias Combinadas (advanced)",
	"name_pl":"Secuencias Combinadas (advanced)"
},
{
	"id":37,
	"name":"Giros & Contragiros (intermediate/advance)",
	"name_pl":"Giros & Contragiros (intermediate/advance)"
},
{
	"id":38,
	"name":"Complex Figures . We will work here at a higher lever all the combination elements.(Intermediate / Advance)",
	"name_pl":"Complex Figures . We will work here at a higher lever all the combination elements.(Intermediate / Advance)"
},
{
	"id":39,
	"name":"Milonga : rhythm and musicality - intermidiate",
	"name_pl":"Milonga : rhythm and musicality - intermidiate"
},
{
	"id":40,
	"name":"Adornos y amagues-all levels",
	"name_pl":"Adornos y amagues-all levels"
},
{
	"id":41,
	"name":"Boleos a favor y contra (intermediate/advance)",
	"name_pl":"Boleos a favor y contra (intermediate/advance)"
},
{
	"id":42,
	"name":"",
	"name_pl":"Milonga Pożegnalna Wawelska ze smoczym akcentem"
}
,
{
	"id":43,
	"name":"Indispensable Elements of Tango: Sacada, Cross, Gancho. (from 3 months to 1,5 year of dancing) – technique in couples (small room)",
	"name_pl":"Indispensable Elements of Tango: Sacada, Cross, Gancho. (from 3 months to 1,5 year of dancing) – technique in couples (small room)"
}
,
{
	"id":44,
	"name":"(level: from 3 months to 1,5 year of intense dancing) MILONGA. How to build an interesting milonga from basics
(small room)",
	"name_pl":"(level: from 3 months to 1,5 year of intense dancing) MILONGA. How to build an interesting milonga from basics
(small room)"
}
],
"place": [
        
{
                "id": 0,		
                "name": "" ,  
		"street": ""	,
		"longitude":"",            
		"latitude":""
                
        },
{
                "id": 1,		
                "name": "HOTEL POLONEZ" ,  
		"street": "Reymonta 15"	,
		"latitude":"50.065222",            
		"longitude":"19.917262"
                
        },
	{
                "id": 2,		
                "name": "POR FIESTA" ,  
		"street": "Warszawska 17",
		"latitude":"50.069854",            
		"longitude":"19.943861"
                
        },
	{
                "id": 3,		
                "name": "HOTEL EUROPEJSKI" ,  
		"street": "Lubicz 5"	,
		"latitude":"50.064524",            
		"longitude":"19.946291"
                
        },
	{	
                "id": 4,		
                "name": "KONTAKT" ,  
		"street": "Szpitalna 40"	,
		"latitude":"50.064414",            
		"longitude":"19.942325"
                
        },
	{
                "id": 5,		
                "name": "ROTUNDA" ,  
		"street": "Oleandry 1"	,
		"latitude":"50.060533",            
		"longitude":"19.921254"
                
        },
	{
                "id": 6,		
                "name": "STARA ZAJEZDNIA" ,  
		"street": "Wawrzyńca 12"	,
		"latitude":"50.049738",            
		"longitude":"19.946472"
                
        },
	{
                "id": 7,		
                "name": "WILLA KRONEMBERGÓW" ,  
		"street": "Kościelna 3"	,
		"latitude":"50.072211",            
		"longitude":"19.928053"
                
        },
	{	
                "id": 8,		
                "name": "DOM KOLEJARZA" ,  
		"street": "Filipa 6"	,
		"latitude":"50.068489",            
		"longitude":"19.939434"
                
        },
	{	
                "id": 9,		
                "name": "TOWARZYSTWO SŁOWAKÓW" ,  
		"street": "Filipa 7"	,
		"latitude":"50.068663",            
		"longitude":"19.939302"
                
        },
	{	
                "id": 10,		
                "name": "KABARET" ,  
		"street": "Krakowska 5"	,
		"latitude":"50.050894",            
		"longitude":"19.942268"
                
        },
{	
                "id": 11,		
                "name": "STAJNIA" ,  
		"street": "Józefa 12"	,
		"latitude":"50.050601",            
		"longitude":"19.944152"
                
        },
{	
                "id": 12,		
                "name": "DIEGO I BOHUMIL" ,  
		"street": "Sebastiana 6"	,
		"latitude":"50.055807",            
		"longitude":"19.941049"
                
        }
,
{	
                "id": 13,		
                "name": "U PANI STASI" ,  
		"street": "Mikołajska 16"	,
		"latitude":"50.061419",            
		"longitude":"19.941601"
                
        }
,
{	
                "id": 14,		
                "name": "WAWEL" ,  
		"street": "Podzamcze"	,
		"latitude":"50.055472",            
		"longitude":"19.936495"
                
        }
,
{	
                "id": 15,		
                "name": "Rynek Główny (Main Square)" ,  
		"street": "Rynek Główny"	,
		"latitude":"50.061311",            
		"longitude":"19.937408"
                
        }

,
{	
                "id": 16,		
                "name": "TEATR SŁOWACKIEGO" ,  
		"street": "Plac Św. Ducha"	,
		"latitude":"50.064068",            
		"longitude":"19.94261"
                
        }
,
{	
                "id": 17,		
                "name": "KAZIMIERZ" ,  
		"street": "Plac Nowy"	,
		"latitude":"50.051683",            
		"longitude":"19.944928"
                
        }
,
{	
                "id": 18,		
                "name": "KLEPARZ" ,  
		"street": "Plac Jana Matejki"	,
		"latitude":"50.06623",            
		"longitude":"19.942031"
                
        }
,
{	
                "id": 19,		
                "name": "BRAMA FLORIAŃSKA " ,  
		"street": "Floriańska"	,
		"latitude":"50.064812",            
		"longitude":"19.941323"
                
        }
,
{	
                "id": 20,		
                "name": "BARBAKAN" ,  
		"street": "Basztowa"	,
		"latitude":"50.065473",            
		"longitude":"19.941666"
                
        }
,
{	
                "id": 21,		
                "name": "KOŚCIÓŁ ŚWIĘTEGO KRZYŻA" ,  
		"street": "Świętego Krzyża"	,
		"latitude":"50.06331",            
		"longitude":"19.943383"
                
        }
,
{	
                "id": 22,		
                "name": "SUKIENNICE" ,  
		"street": "Rynek Główny"	,
		"latitude":"50.061311",            
		"longitude":"19.937408"
                
        }
,
{	
                "id": 23,		
                "name": "KOŚCIÓŁ MARIACKI" ,  
		"street": "Rynek Główny"	,
		"latitude":"50.061671",            
		"longitude":"19.938984"
                
        }


    ],
"contact": [
        
{
                "id": 1,		
                "name": "Magda Seweryn" ,  
		"number": "+48506088845"	,
		"language":"English"
                
        },
{
                "id": 2,		
                "name": "Marzena Kopeć" ,  
		"number": "+48607305168"	,
		"language":"Polish"
                
        }
]
,
   "food": [
        {
                "id": 1, 
		"description":"On Friday at 1.30 p.m. we invite everyone to lunch with the maestros, room on the ground floor (same entrance as to the workshops).",      
		"description_pl":"Piątek o 13:30 zapraszamy wszystkich chętnych na obiad z maestros, sala na parterze (wejście jak na warsztaty).",
		"place_id":"8"
                
        },
  	{
                   "id": 2, 
		"description":"Argentinian Czech restaurant run by an authentic Argentine and a Czech.",      
		"description_pl":"Restauracja argentyńsko czeska Prowadzona przez autentycznego Argentyńczyka i Czecha.",
		"place_id":"12"        
        }
,
{
		"id": 3, 
		"description":"Cult classic backyard eating house, open from noon to 5 p.m., delicious and cheap.",      
		"description_pl":"Kultowa jadłodajnia w podworcu, czynna od 12:00 do 17:00, pysznie i tanio.",
		"place_id":"13"        
        }
],
"shopp":
[
{                
		"description":"It will be possible to buy tango shoes and clothes on Saturday and Sunday main milongas.",      
		"description_pl":"Będzie możliwości zakupu butów prosto z Argentyny i strojów prosto spod igły  twórców kochających tango. Możliwość nabycia nowych, będzie przy okazji głównych milong w sobotę i niedzielę."
		
                
        }

],

"legends":
[
	{	"id": 1,
                "name_pl": "SMOK WAWELSKI",
		"name": "DRAGON",
		"description":"Many, many years ago, when Krakow was still the capital of Poland, there lived in the castle on the Wawel mountain King Krak with his daughter Wanda. All the citizens in Krakow loved their kind-hearted King and the loving Wanda. For many years everyone lived peacefully and provided for the well-being of their town. Amongst them lived one of the cobbler's family, a capable and hard-working apprentice by the name of Dratewka.
 
One day the in a cave in the Wawel mountains, an evil DRAGON had settled. He had three heads and his body was covered in scales. When he was angry he went into such a rage that the mountains shook and he breathed fire and smoke from his mouth. He made the whole town afraid. In order to calm him down the people put a sheep in front of his cave everyday. But this was not enough for him. Once a year even a small girl had to be sacrificed.
 
Many of the citizens tried to fight against the dragon. However, no-one was able to beat him. The council of elders spent days and nights trying to find a solution but they couldn't find one. At long last there were no more girls left in Krakow, only Princess Wanda. The dragon became more and more impatient. Since there were no other girls to be found everyone knew that it was the king's daughter's turn.
There was great mourning all over Krakow. The king announced to the whole country that he was looking for a brave knight who could defeat the dragon. Many courageous knights came and fought without success against the beast. Most were killed in their fight. When all hope had been abandoned, the cobbler's apprentice, Dratewka, appeared before the King. He asked for permission to fight the dragon. The king listened and agreed to what he was intending to do. The young man got to work on his plan straight away.
 
From the butcher he got himself a sheepskin. From all the citizens he collected brimstone, salt, pepper and pitch. He filled the sheepskin with these and sewed it up tightly so it looked like a real sheep. At night he put the sheep in front of the entrance to the cave. The next morning the hungry dragon came out of the cave and ate up the sheep straight away. Shortly afterwards he felt a terrible burning all over his body. He tried to stop the burning by drinking massive amounts of water. He drank so much that the bed of the river Wisla could be seen. He carried on drinking until eventually he exploded with an enormous bang. There was great joy throughout Krakow. Dratewka married Wanda and they lived happily together for a very long time to come.",      
		"description_pl":"Strasznie dawno temu, gdy polskimi ziemiami rządzono jeszcze sprawiedliwie, w Krakowie, grodzie Króla Kraka pojawił się SMOK. Zwierzę brzydkie jak noc listopadowa, wielkie jak góra, z ogonem długim jak rok nieurodzaju, o zielonej skórze z bogatą fakturą, straszliwymi pazurami i paszczą wypełnionej ostrymi jak brzytwa zębiskami. Smoczydło zalogowało się w jamie pod zamkiem  jako najprawdziwszy dziki lokator i żądał (do dziś nie ustalono w jakim języku wysunięto żądania), aby raz w tygodniu składano mu ofiarę w postaci krowy. Jeżeli nie spełniono jego zachcianki, zabijał ludzi. W sumie, sytuacja tragiczna, w średniowieczu krowa na wagę złota. (Niektóre źródła podają, że nie chodziło o krowy, tylko o dziewice, ale w sumie w tamtych cnotliwych czasach o dziewicę było łatwiej niż o krowę, więc pozostańmy przy mroczniejszej wersji. A może chodziło o jałówkę i oba źródła mówią prawdę?)

Na mieszkańców Krakowa padł oczywiście blady strach, który zbladł dodatkowo, niemal zaczął świecić, gdyż spośród kilku śmiałków, którzy wyruszyli na gada, żaden nie wrócił. Zarówno krakowski król Krak, jak i jego poddani tracili już nadzieję na ratunek. Co tydzień stada bydła (zasoby dziewic??) boleśnie się kurczyły, gdyż smok wymagał zawsze najdorodniejszych sztuk (no jasne, a w średniowieczu o nadwagę nie było łatwo). Martwiono się, co będzie, gdy pożre już wszystkie krowy. Dziewice. Krowy. Nie ważne. Zeżarł i tyle.

Gdy wydawało się, że wszystko już stracone i lud Krakowa czeka zagłada (wszystko jedno, czy dlatego, że nie było co jeść czy z kim się żenić), na dworze Kraka pojawił się ubogi szewczyk. Czasem nazywa się go Dratewką, ale chyba wszyscy bohaterscy szewcy Rzeczpospolitej tak się nazywali.
Szewczyk na audiencji u króla wyłuszczył swój plan mordu na bestii (z tekstu usunięto szewskie ozdobniki):
Panie mój, myślę, że jestem w stanie pokonać dręczącego Was smoka.

Oczywiście król i świta ze śmiechu dostali zajadów i przepukliny, jednak upór szewczyka jak i beznadziejność sytuacji wyprowadziły go ostatecznie na pole walki:
- Dobrze, szewczyku. Pokonaj smoka, a zostaniesz sowicie nagrodzony.

Jak szewczyk wpadł na swój plan, do dziś nie wiadomo. Zabił najdorodniejszego barana, jakiego udało mu się znaleźć, a potem wypchał go siarką i dokładnie zaszył. 
Dlaczego barana, skoro smok jadał krowy?? Nie mógł znaleźć tyle siarki żeby wypchać krowę? Nie umiał wypchać dziewicy?
Zarzucił go sobie na plecy i udał się w kierunku smoczej jamy. Najciszej jak tylko potrafił zakradł się do samego wejścia, rzucił wypchanego barana i uciekł. Wkrótce z groty wyszedł smok, zwabiony zapachem świeżego mięsa i dostrzegając barana, natychmiast go pożarł. Siarka ukryta w zwierzęciu od razu zaczęła działać, powodując u smoka ogromne pragnienie. Jak papryczki jalapeno. Albo piri-piri. Albo sałatka z jalapeno, piri-piri, habanero i dwóch kilo gwoździ.
Rzucił się więc smok w kierunku Wisły i pił, pił, pił, pił...Wydawało się, że jeszcze chwila i wypije całą Wisłę! 
I wtedy nagle rozległ się ogromny huk!!
Smok wypił tak dużo wody, że po prostu pękł! Truchło w kawałkach zbierano aż w Wieliczce. Marynowane zrekompensowało uszczerbek na zapasach żywności przez trzy lata. Pomysłowy chłopiec natomiast został oczywiście bohaterem całego miasta, a król sowicie go wynagrodził. Ostatnią dziewicą-królewną. Podobno, bo to tak zwykle w bajkach bywa.

W Krakowie zaś do dziś, u stóp Wawelu, można zobaczyć Smoczą Jamę i ziejącą ogniem figurę Wawelskiego Smoka. 
Populacja dziewic w Krakowie do dziś nie jest zbyt liczna, więc może jednak nie chodziło o krowy??"
   },
{	"id": 2,
                "name_pl": "SKARBY KSZYSZTOFORSKIE",
		"name": "",
		"description":"",
		"description_pl":"Pod pałacem Krzysztofory, u zbiegu ul. Szczepańskiej i Rynku Głównego, rozciąga się prawdziwy labirynt piwnic i korytarzy. Podobno ciągną się pod całym Rynkiem, aż do kościoła Mariackiego. (Te średniowieczne labirynty powinny stać się inspiracją dla budowniczych metra!)
Według legendy czarnoksiężnik Krzysztof, specjalista do spraw konszachtów z ciemną stroną mocy, przechowywał w lochach złoto pilnowane przez diabła. Jak się przyjrzeć temu układowi Diabła i Czarnoksiężnika, rodowitego Krakusa, ten pierwszy siedział na umowie śmieciowej, podpisanej z głupa, bo nie przeczytał drobnych druczków. Pech chciał, że o skarbach dowiedziała się kucharka, a jakże! Dobra gospodyni zna swoje piwnice. Otóż kucharce uciekł był kogut, przeznaczony na obiad. Gdy po długich poszukiwaniach kobieta odnalazła koguta w podziemiach, ten okazał się być diabłem. Kie licho?? Co diabeł robił w kurniku?? W każdym razie złapany przez nadobną niewiastę obiecał jej, że jeśli daruje mu życie, obdarzy ją złotem. Złoto ze skarbca mogła wziąć tyle, ile tylko uniesie. Musiała spełnić tylko jeden warunek – nie wolno jej było się odwrócić. Czart chyba uczył się na czarnoksięskich  sztuczkach, bo taka umowa z babą jest co najmniej niesprawiedliwa! Wystraszona kucharka wracała przez podziemne lochy a przed nią pląsał tajemniczy płomyk i oświetlał jej drogę. Była już na ostatnim stopniu schodów, gdy kobieca ciekawość wzięła w niej górę i obejrzała się za siebie. 
W tym momencie drzwi do piwnicy zatrzasnęły się z łoskotem, aż pałac zadrżał, i ucięły kucharce piętę. Złoto zaś, które miała w fartuchu zamieniło się w śmieci. Niektórzy twierdzą, że skarb wciąż znajduje się w lochach. Według innych podań, skarbu strzeże bazyliszek – potwór o ciele koguta, ogonie jaszczurczym i żabich ślepiach, których spojrzenie każdego zamienia w kamień, ale takie diabły straszą tylko w Warszawie."
},
{	"id": 3,
                "name_pl": "LEGENDA O CZAKRAMIE",
		"name": "",
		"description_pl":"Wszyscy wiedzą, że Kraków jest miastem magicznym. Kontrowersyjna dziś legenda głosi, że ma to związek z czakramem, czyli świętym tajemniczym kamieniem ukrytym na w Wawelskim wzgórzu i będącym źródłem niezwykłej energii. Krakowska legenda ma związek z hinduskim bogiem Sziwą, który rzucił siedem magicznych kamieni w siedem stron świata. Jeden z nich trafił na Wawel. Od dawna podobno przyjeżdżali tu hindusi, aby się modlić  dziś wiadomo, dlaczego. ",
		"description":""
},
{	"id": 4,
                "name_pl": "LEGENDA O WIEŻACH KOŚCIOŁA MARIACKIEGO ",
		"name": "",
		"description":"",
		"description_pl":"Kościół Mariacki spośród innych wyróżnia się swoimi wieżami, których osobliwy, zróżnicowany wygląd jest inspiracją legendy o dwóch braciach. Znana to legenda, spisana przez Józefa Mączyńskiego o dwóch braciach, słynnych murarzach, którzy pod koniec XIII wieku zaczęli budowę. Kiedy starszy brat zorientował się, że jego wieża jest znacznie wyższa, nie chcąc dać się wyprzedzić - zamordował brata. Jednak wyrzuty sumienia nie dawały mu spokoju, dlatego wbił nóż w swoje serce, a potem rzucił się ze szczytu swej wieży. Ów skrwawiony braterską krwią nóż do dziś wisi, przykuty łańcuchem w Sukiennicach. 
Z wyższej wieży, zwanej Hejnalicą, grany jest hejnał, w niższej - wisi kościelny dzwon zwany Półzygmuntem. "
}
  
,
{	"id": 5,
                "name_pl": "LEGENDA O WANDZIE, CO NIE CHCIAŁA NIEMCA",
		"name": "",
		"description":"",
		"description_pl":"W Mogile stoi Kopiec Wandy. Nie wiadomo, kiedy go usypano, ale legenda wiąże jego powstanie z księżniczką Wandą, która nie chciała poślubić germańskiego księcia Rydygiera, by nie oddawać kraju pod obce panowanie. Książę zagroził, że najedzie ziemie Wandy, ale płomienna mowa wygłoszona przez księżniczkę sprawiła, że wróg odstąpił od planu zbrojnego. Upokorzony książę odebrał sobie życie. Wanda była jednak smutna, bo wiedziała, że musi złożyć bogom ofiarę dziękczynną. Poszła więc nad Wisłę i rzuciła się do wody. Chcąc uczcić bohaterstwo księżniczki, naród usypał jej kopiec. W 1890 r. postawiono na nim pomnik. Zaprojektował go Jan Matejko, który miał dworek w pobliskich Krzesławicach."
} 
,
{	"id": 6,
                "name_pl": "LEGENDA O PANU TWARDOWSKIM, KTÓRY SIĘ Z DIABŁEM BRATAŁ",
		"name": "",
		"description":"",
		"description_pl":"Przesłynny Pan Twardowski pracował, jak wszyscy wielcy tamtych czasów, nad wynalezieniem kamienia filozoficznego, który umożliwiłby przemianę ołowiu w złoto, prawdziwie odwracał efekty starzenia i kompleksowo leczył wszelkie choroby. Na ten cel nie szczędził wysiłków, nie żałował nawet swojej duszy i podpisał cyrograf z Diabłem, któremu miał w Rzymie ofiarować duszę. W zamian Zły miał mu służyć, głównie jako maszynka do cudów, życzeń i zażaleń. Dzięki pomocy Diabła, Twardowski robił różne sztuczki; mniej ważne, jak wbicie kilkudziesięciu gwoździ w ziarnko maku, jak i bardziej spektakularne, jak usypanie Pustyni Błędowskiej. Pewnego dnia jednak nieszczęśliwie trafił jednak do karczmy Rzym i gdy Diabeł zamierzał się na jego duszę, Twardowski wskoczył na koguta i wzbił się w niebo, odmawiając godzinki. Do dziś tkwi na Księżycu, ale że tęskni za Krakowem, spuszcza na ziemię pająka, który przynosi mu ploteczki od krakowskich kwiaciarek."
} 

]
,
"heritage": [
        {
                "id": 1, 
		"description":"The Gothic Wawel Castle in Kraków in Poland was built  in the 14th century and rebuild in 16th. All fortified architectural complex of Wawel Castle was restored and  become a national museum, place of worship and centre depicting Poland's history. During Festival there is no time to visit the interior of a Castle, but it's a great place for a walk!",      
		"description_pl":"Wzniesiona na Wawelskim Wzgórzu u  zarania dziejów siedziba polskich władców jest najbardziej  rozpoznawalnym obiektem w mieście. Obecna forma Królewskiego Zamku  to wynik przede wszystkim fundacji Zygmunta Starego, który od 1507  roku przez kilkadziesiąt lat przebudowywał gotycki zamek w  renesansową rezydencję.  Wnętrza należy zwiedzać z  przewodnikiem i po uiszczeniu opłat, ale spacer na obszerny  dziedziniec i zamkowe mury z widokiem na Tatry (przy dobrej  pogodzie) jest za darmo i dla każdego.",
		"place_id":"14"
                
        },
  	{
                   "id": 2, 
		"description":"Cracow Main  Square is the biggest medieval square in Europe (200x200 meters),  located in 1257. Best place for walk: Sukiennice, St. Mary's Church  and a lot of adorable historical tenement houses  make a magic climate of the Cracow Old Town.",      
		"description_pl":"Rynek w Krakowie wytyczono w 1257 roku  i jest to najważniejszy plac w mieście. Ma wymiary ok 200×200  metrów, co daję powierzchnię niespotykaną na skale europejską.  Centralną część rynku zajmuje hala targowa zwana Sukiennicami,  wieża pozostała po dawnym ratuszu i kościółek św. Wojciecha.  Obecnie Rynek jest głównie miejscem spotkań, letnich festiwali,  koncertów, targów i prezentacji.",
		"place_id":"15"        
        }
,
  	{
                   "id": 3, 
		"description":"Historical building of  Sukiennice (XIII century), located in the central part of the Main  Square in Krakow is the oldest still-working shopping center in  Poland. Here you may buy jewelery, souvenirs and handicrafts (we  warned: prices are for tourists). There is a gallery of 19th-century  Polish Painting and Sculpture on the first floor. In 2010 a new  branch of the Historical Museum was opened. There you may see  Krakow's Main Square underground, the entrance to Museum is located  in the Sukiennice.",      
		"description_pl":"Zabytkowy budynek Sukiennic (XIII w.)  znajdujący się w centralnej części Rynku Głównego w Krakowie  to najstarsza zachowana galeria handlowa w Polsce. Wciąż handluje  się tutaj biżuterią, pamiątkami i rękodziełami (ceny dla  turystów). Na piętrze Sukiennic znajduje się Galeria Polskiego  Malarstwa i Rzeźby XIX wieku. W 2010 r. otwarto oddział Muzeum  Historycznego Miasta Krakowa Podziemia Rynku Głównego, do którego  wejście znajduje się w Sukiennicach.",
		"place_id":"22"        
        }
,
  	{
                   "id": 4, 
		"description":"Church of Our Lady Assumed into  Heaven (St. Mary's Church) is a brick Gothic church  re-built in the 14th century (originally built in the early 13th  century), adjacent to the Main Market Square. Standing 80 m  (262 ft) tall, it is particularly famous for its wooden  altarpiece carved by Veit Stoss (Wit Stwosz).",      
		"description_pl":"Gotycki ceglany kościół wzniesiony  w XIII wieku (przebudowywany w późniejszych latach) znany jest  przede wszystkim ze słynnego drewnianego ołtarza autorstwa Wita  Stwosza, charakterystycznych, nierównych wież oraz porządkowych,  którzy uwielbiają ścigać odwiedzających kościół od darmowej strony (niebiletowane wejście dla modlących się).  Warty odwiedzenia.",
		"place_id":"23"        
        }
,
  	{
                   "id": 5, 
		"description":"The Theather' s been still playing untill 1893. The building, created by Jan Zawiejski is one of the most precious heritage of theatrical architecture. The place of beginning of Polish stage-setting, scenography, stageing and theatrical art.",      
		"description_pl":"Działa nieprzerwanie od 1893  roku. Gmach, zbudowany przez Jana Zawiejskiego, jest zaliczany  do najcenniejszych zabytków architektury teatralnej. Był  miejscem narodzin współczesnej polskiej reżyserii, scenografii,  inscenizacji i aktorstwa. Debiutowało tu pokolenie artystów  Młodej Polski – wśród nich Stanisław Wyspiański.",
		"place_id":"16"        
        }
,
  	{
                   "id": 6, 
		"description":"Kazimierz is a historical district of Kraków, best known for  being home to a significant Jewish community from the 14th century  on until the Holocaust in the Second World War. We recommend to walk  without a map on Kazimierz's little streets to feel the spirit of  this specific area.",      
		"description_pl":"Od swojego powstania w XIV wieku do  początków XIX wieku Kazimierz był samodzielnym miastem, którego  północno-wschodnia część stanowiła niegdyś dzielnica  żydowska. Przez wiele wieków Kazimierz był miejscem  współistnienia i przenikania się kultury żydowskiej i  chrześcijańskiej. Obecnie stanowi jedną z ważniejszych atrakcji  turystycznych Krakowa, jest też ważnym centrum życia kulturalnego  miasta.",
		"place_id":"17"        
        }
,
  	{
                   "id": 7, 
		"description":"Kleparz is a historical district, just  like Kazimierz. It was located before Cracow, but nowadays is just a  little part of the City.",      
		"description_pl":"Położony na północ od Starego  Miasta Kleparz przez stulecia był samodzielnym miastem. Założony  został w XII wieku, w XVIII przyłączony do lokowanego później(!)  miasta Krakowa. Najbardziej znane obiekty to plac Jana Matejki z  pomnikiem Bitwy Pod Grunwaldem i gmachem Akademii Sztuk Pięknych.",
		"place_id":"18"        
        }
,
  	{
                   "id": 8, 
		"description":"The Medieval gate with bastille was bild in before 1307. It represents inexistent civic walls and is the  last of 8 city gates.",      
		"description_pl":"Średniowieczna brama z basztą,o  której źródła pisane wspominają od 1307 roku, przy wylocie  ulicy Floriańskiej, stanowi pozostałość po dawnych murach  miejskich. Jest jedną z ośmiu krakowskich bram obronnych, jedyną  zachowaną.",
		"place_id":"19"        
        }
,
  	{
                   "id": 9, 
		"description":"A fortified outpost once connected to  the city walls. It is a historic gateway leading into the Old Town  of Kraków. The barbican is one of the few remaining relics of the  complex network of fortifications and defensive barriers that once  encircled the royal city of Kraków. It currently serves as a  tourist attraction and venue for a variety of exhibitions.",      
		"description_pl":" Barbakan  w Krakowie jest najbardziej wysunięta na północ część  fortyfikacji miejskich. Został wzniesiony u schyłku XV wieku w  obawie przed najazdem wołosko-tureckim. Dawniej był połączony z  Bramą Floriańską długą szyją i jego głównym zadaniem była  jej obrona. Obecnie barbakan jest oddziałem Muzeum Historycznego  Miasta Krakowa.",
		"place_id":"20"        
        }
,
  	{
                   "id": 10, 
		"description":"Situated in Św. Krzyża Street is a small, simple but impressive Gothic building located near the demolished city walls, just next to the Julius Slowacki Theatre. The oldest part of church was build in the end of 12th century, rebuild in the 15th century. Gothic palm vault which is based on very high and huge pillar.",      
		"description_pl":"Kościół pw. Świętego Krzyża jest jednym z najstarszych  w Krakowie. Pamięta czasy Piastów, Andegawenów, Jagiellonów.  Przetrwał rządy królów elekcyjnych, zabory, powstania, wojny i XIX-wieczne konserwacje. Jest przykładem czystego gotyku z pięknym, rzadko spotykanym palmowym  sklepieniem nawy.",
		"place_id":"21"        
        }
,
  	{
                   "id": 11, 
		"description":"Zajezdnia was established in 1913 with the launch of the Krakow tram line broad. In the early 60's, when the trams finally disappeared from the depot and the tack was liquidated, in its buildings created bus workshops and warehouses. Then the depot  completely lost its meaning. In 1998, on the site, in a former depot of the first narrow-gauge electric tram,  Museum of Municipal Engineering came ito being. ",      
		"description_pl":"Zajezdnia powstała w roku 1913 wraz z uruchomieniem w Krakowie szerokotorowej linii tramwajowej. Wraz z rozbudową sieci tramwajowej w okresie powojennym zdecydowano się na budowę nowej zajezdni zlokalizowanej w Podgórzu, po jej uruchomieniu, stara zajezdnia na Wawrzyńca stopniowo jako niefunkcjonalna traciła na znaczeniu. Na początku lat 60-tych, gdy tramwaje ostatecznie zniknęły z zajezdni i zlikwidowano torowisko, w jej budynkach urządzono warsztaty autobusowe i magazyny. Zajezdnia wówczas całkowicie straciła swoje znaczenie. W 1998 r. na terenie obiektu, w budynku dawnej zajezdni pierwszego wąskotorowego tramwaju elektrycznego, gmina miasta Krakowa założyła Muzeum Inżynierii Miejskiej. Przy muzeum postawiono również przystanek tramwajowy, z którego w wakacje korzysta linia turystyczna 0, obsługiwana taborem zabytkowym z tej zajezdni.",
		"place_id":"6"        
        }

]


}